country,country_name,observations,median_views,median_engagement_pct,comments_disabled_pct,extreme_metric_pct
CA,Canada,40881,371204.0000,2.9626,1.4261,1.0836
DE,Germany,40840,119277.0000,3.2365,2.5563,1.0774
FR,France,40724,73721.0000,3.5347,2.1830,1.0092
GB,United Kingdom,38742,979917.0000,3.0172,1.7526,1.0764
IN,India,32706,270668.0000,1.0528,3.3725,1.1435
JP,Japan,14651,53876.0000,1.3663,6.7299,1.0102
KR,South Korea,32179,108269.0000,1.4056,1.4979,0.8515
MX,Mexico,40401,56790.0000,3.3980,1.0866,1.0891
RU,Russia,40689,66189.0000,4.6069,2.6051,1.3026
US,United States,40899,680977.0000,3.2028,1.5453,1.0905
